name,mean,std,min,max
duration_s,2.7044668594996133,1.6649424873850038,0.9901337623596191,5.504101514816284
power_wheels_W,6.507015592549952,1.5225899913522205,2.3109056786757423,9.97103025298871
power_hebis_W,4.809521953196922,2.5288751425381353,0.9270931726897411,8.701978757268158
pos_change_xyz_m_norm,0.08710718368090588,0.07694576427351901,6.11424771963068e-05,0.22341917224040417
