name,mean,std,min,max
duration_s,3.589950124422709,0.8031596284166368,1.9835891723632812,4.047794818878174
power_wheels_W,5.060209901495073,3.0384133091965113,0.11072796799728213,10.444296104763882
power_hebis_W,5.329174115228475,2.9327625323579376,1.1311667249250905,10.22932721432948
pos_change_xyz_m_norm,0.014015791139104486,0.008481967626423599,0.0003687582662832733,0.031089376627868467
