name,mean,std,min,max
duration_s,2.983250045776367,2.0584227722561823,0.8794958591461182,5.647641181945801
power_wheels_W,6.929472014174079,3.5224886950056153,-0.36467523242413447,14.954779166317621
power_hebis_W,5.769887451502759,5.3976373501930714,1.034198123458645,18.606712222571094
pos_change_xyz_m_norm,0.03858834167426418,0.040527536687799216,0.0005179623181281313,0.12220101869329611
