name,mean,std,min,max
duration_s,3.5735124826431273,0.8374510184713163,1.7280397415161133,4.0320165157318115
power_wheels_W,5.615527989236237,2.939573760534588,0.6109632982000148,11.02752822013335
power_hebis_W,5.3113579303273095,2.909370664704402,1.0249155574944058,11.46062240442718
pos_change_xyz_m_norm,0.016360484035958474,0.009473165025988474,0.0037222274210024654,0.031986027386951846
