name,mean,std,min,max
duration_s,3.3540265480677287,0.9490594194557084,1.7440717220306396,4.001426935195923
power_wheels_W,7.548107707104972,2.191108708242444,0.054087579955592165,11.107115142668984
power_hebis_W,8.344788652461093,2.666607516950465,3.0126993301943967,13.665552859742347
pos_change_xyz_m_norm,0.019573360643714514,0.009781364821742864,0.0006776678943867928,0.037658699732201595
