name,mean,std,min,max
duration_s,2.071208198865255,1.1343587061756835,0.8792300224304199,3.5683345794677734
power_wheels_W,6.0285353081619935,3.0199336978766986,-1.370095317386351,11.3532504548123
power_hebis_W,5.765353512226744,5.137263045337584,1.14433682591641,18.08241485812106
pos_change_xyz_m_norm,0.030714615999504643,0.03357945760489182,0.0001617991900581857,0.11945858209204552
