name,mean,std,min,max
duration_s,3.9935670057932535,0.03363131715796926,3.8878183364868164,4.048062086105347
power_wheels_W,6.90915512212344,2.2189609614658603,0.14456494320993024,10.569066386384115
power_hebis_W,7.314534360720582,3.0419622290056103,2.3802577426395,13.375949705925997
pos_change_xyz_m_norm,0.020606104209840985,0.007636585238490026,0.005475503836256392,0.03581138611675752
