name,mean,std,min,max
duration_s,3.080520025889079,1.1022930321985902,1.488492488861084,4.000293493270874
power_wheels_W,5.353364480966486,2.8395979104653426,0.07236869158542474,9.930411902485762
power_hebis_W,6.763511286202273,3.019999059843118,1.35367947917554,13.451810010670357
pos_change_xyz_m_norm,0.013269034612595869,0.00802323956375394,0.0002823058212779013,0.028142030713416075
