name,mean,std,min,max
duration_s,1.3636308749516806,0.5186417529450983,0.8799147605895996,2.3362767696380615
power_wheels_W,5.654134999252564,2.5641713518019387,0.3915609905140853,9.453062445076984
power_hebis_W,6.378276717636906,5.852049279090609,1.126156246511218,19.25629241499458
pos_change_xyz_m_norm,0.02229499992758318,0.025150348994204708,6.000673020128654e-05,0.09633332297712738
