name,mean,std,min,max
duration_s,3.9906562407811483,0.04068182246631649,3.8708627223968506,4.063672780990601
power_wheels_W,7.793370131714442,2.3194555896416267,1.842214857815916,12.137938375756153
power_hebis_W,7.38518847179857,3.3134544462856295,2.0906352764455187,13.240620536142004
pos_change_xyz_m_norm,0.021406484426687293,0.0097920588478044,0.0015742047126775748,0.03887004569473814
